,ORIGIN_STATE_ABR,DEST_STATE_ABR,PASSENGERS
0,CA,CA,344029491
1,TX,TX,280720301
2,FL,GA,141668997
3,GA,FL,141511296
4,HI,HI,134218354
5,TX,CA,120841447
6,CA,TX,119121219
7,NY,FL,116213174
8,FL,NY,115745535
9,NV,CA,96746905
10,CA,NV,96204952
11,AZ,CA,94119535
12,CA,AZ,93295792
13,FL,TX,81189271
14,TX,FL,80358211
15,CA,IL,77043857
16,IL,CA,76185721
17,WA,CA,74917661
18,CA,WA,74912437
19,CO,CA,70489350
20,CA,CO,68732923
21,FL,FL,66239410
22,CA,HI,64037577
23,HI,CA,64034723
24,IL,FL,59056372
25,FL,IL,58991546
26,NC,FL,55190161
27,FL,NC,54774920
28,CA,NY,53576895
29,NJ,FL,53382399
30,FL,NJ,53115131
31,NY,CA,53054271
32,FL,PA,52328626
33,PA,FL,51829155
34,GA,TX,49905611
35,TX,GA,49103578
36,NY,IL,48912353
37,IL,NY,48549319
38,TX,CO,46504314
39,IL,TX,46280661
40,CO,TX,46177545
41,TX,IL,45865558
42,OR,CA,45515681
43,CA,OR,45410237
44,AK,AK,43382124
45,TX,AZ,43153763
46,FL,VA,43068441
47,VA,FL,42861807
48,AZ,TX,42365225
49,VA,GA,41527463
50,GA,VA,41261592
51,CA,GA,41006980
52,GA,CA,40262635
53,NY,GA,40087660
54,GA,NY,40072956
55,NC,GA,37627500
56,GA,NC,37226484
57,TX,NV,36825200
58,NC,NC,36754228
59,UT,CA,36653387
60,NV,TX,36627105
61,CA,UT,36448004
62,FL,MI,34659249
63,MI,FL,34654733
64,LA,TX,34552586
65,TX,LA,34283913
66,WA,WA,32069177
67,NY,NY,30391104
68,MO,TX,30331317
69,TX,MO,30317661
70,MA,FL,30308847
71,FL,MA,30173140
72,NY,VA,29244506
73,VA,NY,29140152
74,MD,FL,28779267
75,FL,MD,28762048
76,IL,MO,28147219
77,CA,FL,27978840
78,PA,IL,27916864
79,VA,IL,27806695
80,NC,NY,27793246
81,MO,IL,27769111
82,NY,NC,27695662
83,IL,PA,27586919
84,IL,VA,27530891
85,FL,CA,27488976
86,CA,VA,27371251
87,VA,CA,27024536
88,MI,IL,26931684
89,MI,MI,26781148
90,IL,MI,26540975
91,GA,IL,26449336
92,VA,TX,26425375
93,TX,VA,26425168
94,IL,GA,26368073
95,VA,NC,25481551
96,NC,VA,25457101
97,IL,CO,25300253
98,MN,CA,25291368
99,CA,MN,25205634
100,GA,PA,25175063
101,CO,IL,25117115
102,PA,GA,25102974
103,GA,GA,24825317
104,CO,CO,24633453
105,NY,TX,24610985
106,IL,MN,24604261
107,CA,NJ,24597818
108,TX,NY,24573076
109,TX,OK,24387881
110,MN,IL,24325689
111,OH,IL,24308923
112,OK,TX,24257664
113,IL,OH,24198072
114,NC,TX,24065833
115,TX,NC,23927598
116,PR,FL,23925463
117,NJ,CA,23812718
118,NV,AZ,23794564
119,AZ,NV,23613204
120,FL,PR,23518957
121,PA,NC,22935401
122,NC,PA,22932792
123,NV,IL,22206489
124,IL,NV,22162774
125,TN,TX,21994281
126,TX,TN,21743946
127,TN,GA,21479997
128,PA,PA,21467500
129,GA,TN,21431429
130,MA,NY,21375821
131,NY,MA,21301193
132,IL,AZ,20987637
133,AZ,CO,20930601
134,CO,AZ,20930281
135,AZ,IL,20920998
136,TN,FL,20777738
137,FL,TN,20567822
138,CA,MA,20526216
139,MA,CA,20240900
140,PA,NY,20127165
141,NY,MI,20058302
142,NY,PA,20022694
143,GA,OH,20016404
144,MI,NY,20008405
145,OH,GA,19942135
146,WA,AK,19568043
147,AK,WA,19554414
148,PA,TX,19171307
149,TX,PA,18887705
150,CO,NV,18668112
151,NV,CO,18515071
152,CA,PA,18459159
153,FL,OH,18393691
154,OH,FL,18351900
155,IL,NC,18082260
156,NJ,TX,17972612
157,MA,VA,17874251
158,NC,IL,17853000
159,PA,CA,17820708
160,VA,MA,17704994
161,TX,NJ,17617504
162,WA,NV,17058712
163,NV,WA,16971990
164,GA,LA,16847596
165,LA,GA,16831797
166,IL,MA,16777992
167,MA,IL,16669422
168,FL,MO,16513551
169,MO,FL,16495230
170,FL,CO,16471546
171,TX,WA,16425083
172,CO,WA,16364274
173,CO,FL,16361757
174,WA,TX,16342982
175,WA,CO,16311812
176,FL,MN,16295966
177,MN,FL,16227350
178,GA,MO,16072146
179,SC,GA,15932011
180,GA,MI,15885262
181,MO,GA,15854561
182,MI,GA,15826957
183,GA,SC,15796768
184,FL,KY,15366837
185,KY,FL,15281167
186,CA,MO,15249964
187,NJ,IL,15208334
188,MO,CO,15170663
189,MO,CA,15164235
190,TX,NM,15121170
191,CO,MO,15039967
192,IL,NJ,14950537
193,MI,TX,14930336
194,TX,MI,14860400
195,NM,TX,14838037
196,OR,WA,14655742
197,MI,MN,14620715
198,MD,TX,14578048
199,WA,OR,14548060
200,AZ,WA,14523914
201,MN,MI,14520712
202,GA,CO,14489954
203,TX,MD,14480492
204,CO,GA,14434707
205,IL,WA,14379179
206,AL,GA,14378323
207,GA,AL,14344323
208,WA,AZ,14325853
209,NV,NV,14284720
210,WA,IL,14252592
211,MN,TX,14116646
212,TX,MN,14073978
213,GA,MA,13799499
214,MN,CO,13683789
215,NJ,GA,13629870
216,GA,NJ,13581528
217,CO,MN,13564729
218,MA,GA,13525189
219,WI,MN,13473230
220,NY,MD,13424317
221,NC,TN,13417160
222,MD,NY,13367469
223,TN,NC,13346817
224,OH,TX,13337961
225,MN,WI,13293030
226,VA,PA,13255844
227,CA,MI,13244164
228,CO,UT,13234078
229,UT,CO,13228028
230,KY,GA,13215673
231,TX,OH,13205841
232,PA,VA,13162527
233,GA,KY,13085729
234,IL,TN,13076165
235,IL,IL,13008706
236,MI,CA,12964428
237,TN,IL,12912867
238,PR,NY,12863112
239,AR,TX,12678227
240,NY,PR,12666403
241,GA,MD,12627013
242,TX,AR,12559777
243,MD,GA,12491610
244,NV,GA,12442607
245,MA,TX,12404399
246,GA,NV,12386243
247,WI,IL,12378775
248,TX,MA,12364576
249,PA,MA,12260099
250,MA,PA,12208411
251,IL,WI,12196306
252,AZ,AZ,12176588
253,TX,UT,12130000
254,UT,TX,12084695
255,MN,AZ,12023657
256,CA,NC,11930745
257,MI,PA,11883073
258,NV,NY,11841574
259,PA,MI,11839546
260,AZ,MN,11807135
261,NY,NV,11748998
262,IL,KY,11742904
263,KY,IL,11734184
264,MN,GA,11705106
265,GA,MN,11666966
266,NJ,NC,11628634
267,NC,NJ,11523975
268,SC,NC,11497084
269,UT,NV,11486583
270,NV,UT,11485722
271,IN,IL,11447477
272,NC,CA,11435926
273,NC,SC,11401380
274,VA,CO,11383617
275,UT,AZ,11356203
276,AZ,UT,11346537
277,IL,IN,11277455
278,CO,VA,11196843
279,AZ,GA,11185884
280,GA,AZ,11154179
281,WA,MN,11080868
282,MN,WA,11066252
283,MD,NC,11058720
284,UT,WA,11053827
285,NC,MD,10984999
286,WA,UT,10924831
287,MI,VA,10790641
288,VA,MI,10757044
289,NC,MA,10756950
290,IN,FL,10684159
291,FL,IN,10646098
292,FL,CT,10605754
293,CT,FL,10605302
294,MA,NC,10537678
295,MD,IL,10524862
296,IL,MD,10403627
297,NY,OH,10128426
298,OH,NY,10001859
299,CO,OR,9884152
300,WI,MI,9832756
301,HI,WA,9772270
302,MI,WI,9770400
303,FL,NV,9708376
304,OR,CO,9691371
305,NV,FL,9635925
306,WA,HI,9591437
307,KY,TX,9589079
308,AL,TX,9522691
309,MO,AZ,9520809
310,TX,KY,9471183
311,CO,NY,9461197
312,GA,UT,9450818
313,MN,NV,9440781
314,TX,AL,9420068
315,NY,CO,9418586
316,NV,MN,9393833
317,GA,IN,9392346
318,AZ,MO,9378225
319,IN,GA,9356764
320,NY,MN,9325448
321,NC,OH,9281644
322,OR,OR,9273395
323,MN,NY,9270290
324,UT,GA,9232216
325,OH,NC,9212942
326,MI,NC,8823682
327,NC,MI,8726801
328,NV,MI,8726526
329,AZ,PA,8711348
330,MN,MN,8684836
331,MI,NV,8677922
332,MI,TN,8663773
333,NV,PA,8594457
334,TN,MI,8591584
335,MO,MO,8580918
336,PA,NV,8577774
337,PA,AZ,8530235
338,IL,NE,8339330
339,NE,IL,8270507
340,AZ,OR,8259611
341,FL,LA,8239246
342,AZ,FL,8238604
343,LA,FL,8237465
344,CO,PA,8209961
345,PA,CO,8200914
346,FL,AZ,8180454
347,OR,AZ,8143796
348,IL,IA,8109697
349,ND,MN,8105308
350,MN,ND,8103990
351,OR,NV,8102921
352,NV,OR,8015926
353,NM,AZ,8005043
354,MO,MN,7963188
355,AZ,NM,7945227
356,MN,MO,7924415
357,IA,IL,7890369
358,MT,UT,7803869
359,NC,KY,7798755
360,KY,NC,7787895
361,CA,MD,7744345
362,AZ,MI,7737429
363,UT,MT,7737294
364,MI,AZ,7716780
365,PA,OH,7710318
366,RI,FL,7621278
367,GA,WI,7602724
368,FL,RI,7585771
369,KY,NY,7544186
370,WA,GA,7529977
371,NY,KY,7519621
372,OH,PA,7503392
373,WI,GA,7482672
374,TX,OR,7466150
375,MD,CA,7415956
376,MO,NV,7412671
377,NJ,MA,7379153
378,NV,MO,7374028
379,OR,TX,7356016
380,CA,TN,7353325
381,VA,VA,7352482
382,TN,CA,7350724
383,MN,VA,7325698
384,MI,MO,7281051
385,MO,MI,7275834
386,MA,NJ,7258445
387,VA,MN,7251194
388,VA,MO,7211588
389,GA,WA,7203155
390,MO,VA,7181450
391,GA,MS,7058808
392,OH,MI,7058030
393,CO,NE,7054836
394,CO,MI,7054439
395,NE,CO,7053056
396,MI,CO,7048582
397,MI,OH,7039994
398,MS,GA,7027595
399,MD,MA,7023053
400,OR,IL,7021898
401,MA,MD,7016314
402,IL,OR,6997124
403,TX,IN,6939127
404,IL,CT,6928924
405,IN,TX,6913627
406,OH,VA,6866257
407,VA,OH,6785849
408,MD,OH,6740774
409,CT,IL,6739936
410,MO,NC,6724945
411,NC,AZ,6712860
412,AZ,NC,6700045
413,NV,NJ,6670966
414,NC,MO,6662032
415,NJ,NV,6649317
416,OH,MD,6641187
417,MN,PA,6591647
418,PA,MN,6553586
419,NM,CA,6552875
420,CA,NM,6535416
421,UT,OR,6533362
422,ID,UT,6524936
423,UT,ID,6457136
424,HI,TX,6440466
425,OK,CO,6410796
426,CO,OK,6386537
427,RI,MD,6358050
428,TX,HI,6351594
429,UT,IL,6349787
430,NV,OH,6347379
431,MD,RI,6342406
432,OR,UT,6334833
433,NJ,CO,6332752
434,NJ,VA,6289597
435,CO,NJ,6283203
436,IL,UT,6253636
437,OH,NV,6230709
438,MI,KY,6194282
439,MI,IN,6193784
440,KY,MI,6179738
441,VA,NJ,6133941
442,IN,MI,6108675
443,NY,MO,6061825
444,WA,ID,6047871
445,MO,NY,6037993
446,ID,WA,6028922
447,CA,KY,6025491
448,MS,TX,5972305
449,MD,MI,5962189
450,MI,MD,5927723
451,PA,KY,5924723
452,NJ,AZ,5918382
453,AZ,NJ,5918376
454,KY,CA,5899820
455,WI,FL,5886409
456,CO,MA,5864468
457,FL,WI,5853835
458,TX,MS,5839408
459,AZ,NY,5837805
460,KY,PA,5829882
461,MA,CO,5796671
462,NY,AZ,5746929
463,KY,VA,5737824
464,MT,CO,5735561
465,CO,MT,5719812
466,VA,KY,5683311
467,MO,TN,5671361
468,CO,OH,5650321
469,OH,CO,5645516
470,MD,NH,5640003
471,TN,MO,5636194
472,NH,MD,5615175
473,MT,MN,5521821
474,CO,NC,5485759
475,MN,NC,5478503
476,AZ,HI,5452080
477,MO,PA,5451737
478,TN,CO,5449310
479,MN,MT,5440743
480,NC,MN,5434303
481,CO,TN,5431294
482,NC,CO,5423645
483,PA,MO,5421704
484,PR,NJ,5421400
485,HI,AZ,5404901
486,MI,NJ,5382813
487,MD,CO,5373188
488,NJ,PR,5364636
489,NJ,MI,5344989
490,NJ,OH,5339415
491,MI,MA,5337050
492,GA,CT,5304688
493,CT,GA,5296531
494,TN,VA,5276667
495,TN,MN,5275508
496,IL,OK,5234467
497,MA,MI,5220903
498,VA,TN,5205662
499,NY,TN,5202400
500,CO,MD,5177033
501,OH,NJ,5170838
502,MN,TN,5158653
503,NM,CO,5139441
504,CO,NM,5133950
505,WI,CO,5126635
506,CO,WI,5124070
507,OK,IL,5118299
508,TN,NY,5114492
509,OH,KY,5023847
510,MD,MO,5018092
511,NV,NC,4991377
512,MO,MD,4957229
513,NY,NJ,4954574
514,IL,RI,4941954
515,PR,GA,4941748
516,RI,IL,4925366
517,NJ,NY,4912619
518,OH,MO,4896852
519,AR,GA,4884397
520,GA,AR,4884305
521,NC,NV,4876396
522,OH,MN,4852849
523,VA,SC,4852474
524,GA,PR,4846054
525,CA,OH,4845130
526,MO,OH,4823188
527,NV,HI,4816292
528,OH,AZ,4798260
529,SC,VA,4795003
530,MA,MN,4778491
531,MN,OH,4776098
532,TX,NE,4766697
533,NE,TX,4763921
534,CA,ID,4760052
535,OH,CA,4759250
536,KY,KY,4757301
537,MN,MA,4746262
538,HI,NV,4740327
539,AZ,OH,4733505
540,WA,NY,4732950
541,MD,PA,4700651
542,NY,WA,4700576
543,ID,CA,4696997
544,AZ,MD,4676215
545,OK,MO,4674075
546,CT,MD,4669867
547,MD,AZ,4666060
548,TN,LA,4656540
549,IL,LA,4646440
550,LA,TN,4606823
551,MO,OK,4601414
552,KY,OH,4593663
553,MD,CT,4581270
554,LA,IL,4567580
555,MA,MA,4565350
556,MN,SD,4557407
557,PA,MD,4533366
558,SD,MN,4525433
559,RI,PA,4456554
560,WA,MI,4456086
561,NY,SC,4455831
562,TN,PA,4450529
563,PA,RI,4433029
564,SC,NY,4422272
565,PA,TN,4414848
566,MI,WA,4414367
567,WA,VA,4401213
568,MD,TN,4398353
569,OK,GA,4378406
570,TN,MD,4366817
571,WA,MT,4361628
572,WA,NJ,4343477
573,GA,OK,4341785
574,MN,UT,4335442
575,MT,WA,4322625
576,MD,NV,4281257
577,NJ,WA,4278111
578,KY,TN,4276646
579,PA,CT,4265059
580,UT,NY,4251929
581,NC,AL,4247018
582,NY,UT,4238766
583,VA,WA,4232305
584,VI,PR,4231191
585,CT,PA,4229294
586,AL,NC,4195434
587,TN,KY,4194517
588,CT,NC,4194063
589,UT,MN,4191042
590,NC,CT,4185967
591,NV,MD,4179777
592,TX,SC,4173271
593,SC,TX,4155181
594,MN,OR,4110204
595,IN,CO,4099019
596,CO,IN,4085640
597,WI,TX,4074402
598,CA,LA,4062481
599,PR,VI,4062007
600,TX,WI,4054490
601,NH,FL,4039201
602,LA,CA,4035601
603,OR,MN,4031904
604,NJ,MN,4028765
605,OH,TN,4016005
606,PR,PA,4005984
607,MN,NJ,3994894
608,FL,NH,3990497
609,TN,OH,3968642
610,MO,KY,3944514
611,PR,TX,3943016
612,PA,PR,3927977
613,IA,MN,3923486
614,KY,MO,3921379
615,MN,IA,3918768
616,NV,VA,3906308
617,KS,TX,3902488
618,TX,KS,3890635
619,CT,VA,3860931
620,IN,NC,3857218
621,PA,NH,3831327
622,HI,OR,3824756
623,WY,CO,3823458
624,VA,CT,3817741
625,TX,PR,3814707
626,CO,ID,3807859
627,NJ,PA,3793755
628,ID,CO,3778767
629,OR,HI,3770344
630,MD,KY,3769503
631,LA,NC,3764450
632,NH,PA,3757122
633,NC,LA,3751608
634,PA,NJ,3740393
635,VA,NV,3726946
636,CO,WY,3726427
637,TT,TT,3709094
638,SC,IL,3697533
639,IL,SC,3690631
640,KY,UT,3663158
641,KY,MD,3660127
642,MN,NE,3642107
643,NC,IN,3622854
644,NH,IL,3618982
645,NJ,MO,3615914
646,NE,MN,3588900
647,IL,NH,3585771
648,MO,NJ,3578183
649,IA,CO,3567971
650,TN,TN,3565509
651,VA,AZ,3558663
652,AZ,VA,3555031
653,UT,KY,3522009
654,KY,MN,3512665
655,VI,FL,3500219
656,FL,VI,3483499
657,MN,KY,3445232
658,OR,GA,3400717
659,HI,IL,3399069
660,PR,IL,3398403
661,IL,AR,3388776
662,IL,HI,3372486
663,AR,IL,3358369
664,IN,MN,3358019
665,CO,IA,3339309
666,MO,UT,3329858
667,NY,LA,3326238
668,IL,PR,3309659
669,LA,NY,3306636
670,UT,MO,3302482
671,KY,CO,3278472
672,WI,AZ,3278143
673,FL,UT,3270713
674,AZ,NE,3267777
675,UT,FL,3265124
676,MN,IN,3256646
677,CO,KY,3254968
678,AZ,WI,3253994
679,NE,AZ,3239135
680,NV,KY,3238422
681,NC,RI,3237238
682,CO,SD,3230456
683,MO,WA,3227524
684,RI,NC,3227509
685,WI,NV,3222399
686,SD,CO,3219967
687,NV,TN,3208319
688,LA,CO,3207199
689,OH,MA,3206109
690,WA,MO,3199889
691,TN,NV,3193554
692,MA,OH,3192452
693,NV,WI,3190833
694,WA,FL,3170527
695,NY,ME,3163800
696,CO,LA,3160311
697,ME,NY,3157228
698,IA,TX,3138834
699,GA,OR,3130691
700,KY,NV,3123762
701,NJ,SC,3114278
702,MN,AK,3097276
703,SC,NJ,3096971
704,TX,IA,3092634
705,FL,WA,3072029
706,PA,IN,3028462
707,AZ,IN,3026668
708,AL,FL,3021423
709,VT,NY,3015401
710,IN,AZ,3013220
711,NM,NV,3008203
712,PR,MA,3003525
713,AK,MN,3003089
714,NY,WI,2999836
715,WA,PA,2999744
716,NY,VT,2997778
717,WI,NY,2984205
718,NV,NM,2967937
719,MA,PR,2963461
720,LA,VA,2955754
721,FL,AL,2931410
722,MD,MN,2925256
723,NJ,KY,2923836
724,VA,LA,2915806
725,AZ,OK,2913059
726,NV,IN,2910352
727,NJ,TN,2900457
728,IN,NV,2900077
729,PA,WA,2895672
730,IN,PA,2891516
731,KY,NJ,2887524
732,OK,AZ,2885057
733,MN,MD,2870753
734,WI,MO,2870084
735,MO,WI,2868423
736,VA,RI,2860386
737,MA,AZ,2850985
738,ND,CO,2840764
739,TN,NJ,2839239
740,CO,ND,2838750
741,VA,IN,2837863
742,AZ,MA,2817391
743,ID,OR,2805180
744,AZ,TN,2795675
745,RI,VA,2788622
746,IN,VA,2787636
747,TN,AZ,2776522
748,OR,ID,2775300
749,ME,PA,2775125
750,PA,ME,2774505
751,NM,IL,2716377
752,MA,WA,2689957
753,SC,MI,2688137
754,IN,KY,2677430
755,WA,MA,2671859
756,MI,SC,2664060
757,NV,MA,2658573
758,MA,NV,2631648
759,SC,PA,2617923
760,IL,NM,2608949
761,KY,IN,2597006
762,MA,KY,2583990
763,PA,SC,2580351
764,MI,CT,2549045
765,RI,GA,2540575
766,CT,TX,2531058
767,MO,MA,2521259
768,GA,RI,2514011
769,MA,MO,2489641
770,TX,CT,2481630
771,CT,MI,2479853
772,VA,MD,2459086
773,KY,MA,2445856
774,MI,UT,2445101
775,IL,AL,2425050
776,MD,VA,2422185
777,UT,MI,2420873
778,AL,IL,2366372
779,GA,NM,2365757
780,AL,TN,2350510
781,IN,MO,2341341
782,TN,AL,2339751
783,NM,GA,2333183
784,VI,VI,2328238
785,HI,GA,2323106
786,GA,HI,2307845
787,GA,KS,2303879
788,NE,GA,2300775
789,GA,NE,2292157
790,AZ,KY,2289618
791,CO,KS,2280794
792,KS,GA,2280327
793,KS,CO,2274475
794,NE,MO,2265496
795,MO,NE,2258680
796,MO,IN,2250913
797,WI,KY,2241566
798,KY,AZ,2233236
799,KY,WI,2221977
800,ID,NV,2192906
801,NY,IN,2190633
802,WI,CA,2187728
803,IN,NY,2171643
804,WI,WI,2168552
805,CA,WI,2158463
806,IL,KS,2157633
807,PR,NC,2144991
808,OK,NV,2139095
809,NC,PR,2127962
810,WI,VA,2120340
811,KS,IL,2119287
812,NV,ID,2100359
813,VA,WI,2096205
814,OH,OH,2095327
815,SC,FL,2089289
816,NV,OK,2088369
817,FL,SC,2068465
818,CO,HI,2051136
819,NE,NV,2021583
820,WY,UT,2020739
821,UT,WY,2015285
822,HI,CO,2011576
823,NV,NE,2005935
824,RI,MI,1981487
825,AR,TN,1974494
826,UT,VA,1968100
827,TT,HI,1965473
828,PA,WI,1965310
829,WA,NC,1961479
830,VA,UT,1959270
831,ME,VA,1955066
832,MI,RI,1944570
833,VA,ME,1940660
834,TN,AR,1938175
835,WI,PA,1925940
836,NC,WA,1917288
837,UT,HI,1914976
838,CT,MN,1912831
839,LA,NJ,1909345
840,NJ,LA,1906428
841,MN,CT,1897342
842,PR,PR,1886938
843,LA,PA,1880838
844,PA,LA,1872290
845,AR,MO,1872146
846,AZ,ID,1869903
847,CA,IN,1864968
848,MS,TN,1864404
849,UT,MA,1851722
850,KY,SC,1850508
851,MA,UT,1845152
852,HI,TT,1842389
853,TN,MS,1838699
854,HI,UT,1815739
855,MO,AR,1815375
856,SC,KY,1804252
857,ID,AZ,1804185
858,IN,CA,1800102
859,UT,MD,1774396
860,NH,MI,1770067
861,MD,UT,1766663
862,OH,WI,1761814
863,WI,OH,1747367
864,MI,NH,1740949
865,MO,LA,1734698
866,LA,MO,1728111
867,WI,MA,1706307
868,MA,WI,1695171
869,MN,HI,1684666
870,VT,PA,1679963
871,UT,UT,1654666
872,PA,VT,1647565
873,VA,VT,1632579
874,CT,KY,1632025
875,ID,MN,1630591
876,MN,ID,1610195
877,VT,VA,1607019
878,LA,NV,1602669
879,VI,GA,1602520
880,MO,NM,1599938
881,NM,MO,1591811
882,GA,VI,1589513
883,MD,IN,1584582
884,ME,GA,1582379
885,MD,LA,1580711
886,AK,OR,1572576
887,IN,MD,1571905
888,KY,AL,1570896
889,NJ,IN,1567194
890,GA,ME,1561325
891,LA,MD,1552126
892,LA,MI,1548565
893,UT,NJ,1546836
894,MI,IA,1544997
895,KY,CT,1543909
896,GA,IA,1540884
897,NJ,UT,1536307
898,IA,GA,1533455
899,IA,MI,1532896
900,IN,NJ,1523731
901,NV,LA,1523153
902,PR,VA,1518386
903,MI,LA,1517482
904,OR,AK,1516498
905,HI,MN,1510439
906,UT,NM,1500334
907,IL,SD,1498783
908,NM,UT,1491198
909,AK,IL,1489504
910,AL,KY,1487419
911,SD,IL,1482206
912,NH,VA,1481023
913,TN,MA,1465676
914,VA,PR,1464522
915,UT,PA,1458071
916,MA,TN,1457035
917,PA,UT,1455453
918,ME,MI,1443187
919,MS,FL,1442160
920,KY,WA,1437969
921,AR,NC,1437563
922,AL,MD,1433197
923,MI,ME,1431121
924,WI,NC,1426756
925,NC,WI,1426550
926,FL,MS,1421924
927,UT,OK,1421235
928,OK,UT,1419012
929,VA,NH,1418480
930,IL,AK,1418365
931,NC,AR,1416263
932,OR,NY,1412582
933,OR,NJ,1410906
934,MD,AL,1402952
935,NJ,WI,1398624
936,NY,OR,1392084
937,HI,NJ,1374503
938,WI,TN,1370445
939,WI,NJ,1362804
940,WA,TN,1354477
941,VT,IL,1354200
942,WA,KY,1353109
943,IA,MO,1344798
944,TN,WI,1344400
945,TN,WA,1339724
946,NJ,HI,1337848
947,MO,IA,1336240
948,NJ,OR,1334134
949,IL,VT,1316381
950,UT,AK,1312921
951,NC,WV,1306177
952,ME,MA,1298684
953,AK,UT,1295663
954,NJ,ME,1292720
955,WV,NC,1287691
956,MA,ME,1283564
957,IN,TN,1283433
958,OK,TN,1283173
959,MD,WI,1280198
960,ME,NJ,1279759
961,ID,ID,1272966
962,OR,MO,1263726
963,WV,GA,1256712
964,WI,MD,1255467
965,TN,OK,1255389
966,SC,MD,1252680
967,TN,IN,1252376
968,VA,AL,1249458
969,AL,VA,1248255
970,NM,MN,1248243
971,CA,OK,1247849
972,MD,SC,1245378
973,GA,WV,1244807
974,MN,NM,1234025
975,MO,OR,1228684
976,AK,CA,1216606
977,RI,NJ,1208916
978,CA,AK,1204078
979,KY,LA,1202888
980,PR,MD,1202616
981,NJ,RI,1201593
982,AZ,IA,1198058
983,MD,PR,1194018
984,IA,AZ,1193523
985,OK,CA,1186651
986,OR,VA,1181005
987,AL,MI,1166724
988,MI,AL,1158290
989,ME,IL,1154614
990,NH,GA,1154575
991,GA,NH,1134709
992,NH,NC,1118226
993,NC,MS,1113210
994,MS,NC,1112857
995,ME,MD,1109085
996,IL,ME,1108208
997,LA,KY,1105022
998,PR,CT,1104021
999,VA,OR,1103259
1000,NJ,MD,1098815
1001,MD,ME,1094902
1002,CT,PR,1093832
1003,AZ,LA,1092344
1004,AK,TX,1087430
1005,TX,AK,1083489
1006,VT,NJ,1079298
1007,NM,FL,1077406
1008,NV,IA,1076841
1009,FL,NM,1075581
1010,IA,NV,1073790
1011,LA,AZ,1073767
1012,MD,NJ,1067822
1013,NC,NH,1065080
1014,NJ,VT,1054616
1015,MI,NE,1046955
1016,VI,NY,1040951
1017,NE,MI,1036071
1018,NY,VI,1032576
1019,OH,IN,1025488
1020,IN,OH,1005962
1021,NH,NJ,1003950
1022,IL,ND,996070
1023,NC,VI,994011
1024,AK,CO,993630
1025,ND,IL,989003
1026,MT,NV,988764
1027,IA,FL,981109
1028,UT,NC,980450
1029,NJ,NH,977378
1030,NC,UT,976962
1031,NV,MT,973909
1032,ID,IL,971397
1033,VI,NC,969249
1034,KY,OR,967141
1035,OK,MN,964438
1036,CO,AK,964383
1037,FL,IA,963154
1038,MN,OK,962730
1039,ND,NV,954985
1040,LA,MN,954708
1041,MN,LA,951337
1042,MI,OK,944141
1043,NM,MD,943359
1044,NV,ND,940296
1045,OR,KY,939518
1046,MD,NM,926835
1047,OH,CT,925871
1048,CO,AR,904871
1049,CT,OH,901293
1050,AR,CO,896845
1051,OR,MI,882241
1052,IL,ID,879140
1053,WA,NM,877651
1054,OK,MI,873478
1055,MD,WA,868959
1056,ME,KY,866296
1057,WA,MD,864937
1058,KY,ME,863157
1059,NM,WA,861517
1060,WV,VA,858720
1061,MI,OR,856542
1062,MA,SC,847843
1063,MA,IN,843820
1064,IN,MA,838823
1065,SC,MA,837184
1066,LA,AL,833215
1067,SC,TN,820078
1068,VA,WV,818977
1069,TN,SC,817419
1070,CT,NJ,814979
1071,UT,TN,807352
1072,TN,UT,802904
1073,ND,AZ,795338
1074,AL,LA,789445
1075,AZ,ND,788555
1076,MO,KS,781515
1077,NJ,CT,779002
1078,MT,AZ,778242
1079,KS,MO,776234
1080,RI,AZ,774857
1081,AZ,MT,772272
1082,AR,NV,767489
1083,NV,AR,756528
1084,IA,KY,753211
1085,AZ,RI,752102
1086,KY,IA,752091
1087,IL,MS,744861
1088,OK,KY,744624
1089,MS,IL,738212
1090,MA,OR,738012
1091,NE,TN,736420
1092,OR,MA,734201
1093,KY,OK,733946
1094,HI,AK,729119
1095,RI,OH,721043
1096,AK,HI,719821
1097,VT,MI,718131
1098,NE,UT,717211
1099,NY,NH,714386
1100,OH,RI,711992
1101,MI,VT,710506
1102,UT,NE,710399
1103,NH,NY,708612
1104,WV,FL,708006
1105,VA,NE,703268
1106,NE,VA,702857
1107,NV,AL,701399
1108,TN,NE,697936
1109,KY,RI,697665
1110,NM,KY,696620
1111,FL,WV,693382
1112,OH,NH,692298
1113,NV,KS,687689
1114,NV,CT,687003
1115,KY,AR,679855
1116,KS,NV,679573
1117,CT,MO,679455
1118,CT,NV,678621
1119,MO,CT,678574
1120,AL,NV,678225
1121,IL,WY,668004
1122,NH,OH,664555
1123,AR,KY,664172
1124,AL,CO,661656
1125,RI,KY,656681
1126,CO,AL,643894
1127,WY,TX,643732
1128,CT,CO,643140
1129,AZ,AR,639201
1130,KY,NH,633711
1131,TX,WY,623879
1132,SD,NV,617442
1133,MT,IL,617326
1134,AK,AZ,616720
1135,NV,SD,613716
1136,PA,VI,606796
1137,VI,PA,606653
1138,WY,IL,606467
1139,NH,KY,604413
1140,CO,CT,604289
1141,ME,FL,603204
1142,AZ,KS,599141
1143,IL,MT,599124
1144,AR,AZ,598675
1145,ME,NC,597814
1146,FL,ME,594855
1147,MT,MT,590521
1148,KS,AZ,586028
1149,AZ,AK,585406
1150,NE,WI,581596
1151,KY,NM,580938
1152,WI,NE,574588
1153,NC,ME,566701
1154,CT,CA,563968
1155,HI,NY,558054
1156,NE,CA,556316
1157,CA,CT,554702
1158,WA,WI,551835
1159,KS,MN,550209
1160,LA,UT,545472
1161,MN,KS,542759
1162,RI,NY,539318
1163,NY,HI,538342
1164,SD,AZ,534307
1165,AZ,SD,533456
1166,NY,RI,531707
1167,NM,OR,531024
1168,WI,WA,528295
1169,CT,AZ,528146
1170,CA,NE,527726
1171,NE,NJ,524872
1172,UT,LA,520792
1173,TX,SD,516794
1174,NJ,NE,512140
1175,SD,TX,511213
1176,KY,NE,507181
1177,OR,NM,504704
1178,RI,TN,497648
1179,NE,KY,490089
1180,LA,MA,483124
1181,UT,SD,479796
1182,MA,LA,479597
1183,OH,SC,478980
1184,SC,OH,477640
1185,MT,CA,476725
1186,SD,UT,471551
1187,TN,RI,469609
1188,MD,OK,468250
1189,HI,MO,467092
1190,MO,HI,462352
1191,TN,CT,462300
1192,CA,MT,459911
1193,MD,MS,457014
1194,NH,NV,451681
1195,MS,MD,449343
1196,AL,NY,445538
1197,OR,MT,444557
1198,MI,AR,444207
1199,AZ,CT,443111
1200,CA,AR,442247
1201,OK,MD,439269
1202,IA,TN,434829
1203,VI,NJ,434677
1204,NJ,VI,433756
1205,MT,OR,431667
1206,NV,NH,431396
1207,NY,AL,428806
1208,OH,WA,428317
1209,NE,FL,423807
1210,AR,MI,423693
1211,WA,OH,422916
1212,AR,CA,421064
1213,MN,RI,421057
1214,FL,NE,413982
1215,MO,AL,412594
1216,WV,KY,412105
1217,TN,IA,410920
1218,AL,AZ,409602
1219,RI,MN,402664
1220,KY,WV,400891
1221,RI,NV,398915
1222,WV,PA,395948
1223,OR,NC,392135
1224,PA,WV,391753
1225,NM,NM,387780
1226,CT,TN,385311
1227,AZ,AL,382731
1228,TN,KS,378750
1229,NV,RI,376917
1230,CA,PR,376582
1231,PR,CA,374675
1232,AR,MN,374465
1233,AL,MO,373729
1234,OK,NC,370235
1235,KS,TN,370176
1236,AK,GA,369096
1237,NC,OK,367021
1238,TX,RI,366474
1239,NC,OR,365823
1240,OK,NJ,364124
1241,MN,AR,362072
1242,IA,NC,360164
1243,CT,NY,358405
1244,OK,FL,357516
1245,NJ,OK,357406
1246,IL,WV,356965
1247,NC,IA,356935
1248,NY,CT,354653
1249,LA,OH,353298
1250,WV,IL,352061
1251,TN,NH,351457
1252,OH,LA,350822
1253,NM,VA,350312
1254,GA,AK,348384
1255,NE,NC,344144
1256,FL,OR,339986
1257,PR,MI,336886
1258,MA,VI,336792
1259,VA,NM,336233
1260,NC,NE,336141
1261,MD,AR,335951
1262,OR,PA,335789
1263,AR,MD,334834
1264,WV,MI,332683
1265,MI,PR,329101
1266,FL,OK,328965
1267,MI,WV,325111
1268,PA,OR,324336
1269,OR,FL,323475
1270,RI,TX,322910
1271,RI,RI,322528
1272,CA,RI,309207
1273,RI,CA,308960
1274,NY,AR,307266
1275,IN,UT,306889
1276,AR,FL,305113
1277,UT,IN,304642
1278,AR,NY,302574
1279,FL,AR,298437
1280,VI,MA,293628
1281,OK,VA,290331
1282,WI,IN,290072
1283,ND,FL,289202
1284,NH,TN,289064
1285,IN,WI,282680
1286,WA,LA,281572
1287,IA,WI,281080
1288,FL,ND,281056
1289,ID,TX,280743
1290,WY,MN,277877
1291,HI,VA,276527
1292,MS,KY,276405
1293,VA,IA,276303
1294,WI,IA,275448
1295,TX,ID,275091
1296,GA,VT,272833
1297,NJ,AR,272337
1298,IA,VA,271998
1299,VA,OK,270739
1300,VA,HI,267391
1301,MN,WY,266589
1302,KY,MS,264690
1303,VT,GA,263572
1304,AL,PA,262852
1305,LA,WA,261080
1306,AR,NJ,259315
1307,KY,HI,254678
1308,NM,NY,252690
1309,HI,KY,252239
1310,FL,VT,247980
1311,PA,AL,247289
1312,TX,WV,247120
1313,PR,MO,246656
1314,NY,NM,245239
1315,UT,OH,244410
1316,OH,UT,239708
1317,VT,FL,237503
1318,NH,AZ,235999
1319,AZ,NH,234761
1320,MO,PR,233194
1321,OH,VT,232817
1322,ND,UT,228386
1323,HI,MI,222987
1324,WV,TX,220480
1325,MA,VT,220106
1326,MI,AK,219418
1327,UT,ND,215976
1328,SD,FL,215962
1329,MS,MI,215218
1330,MI,MS,214763
1331,NH,CA,214278
1332,WI,UT,212205
1333,VT,MA,210541
1334,FL,SD,209592
1335,RI,MO,208127
1336,WI,CT,208034
1337,AK,MI,208002
1338,CT,WI,206264
1339,UT,WI,205567
1340,NJ,AL,204461
1341,CA,NH,204313
1342,VA,VI,204193
1343,VT,OH,199096
1344,AL,NJ,198041
1345,ND,TX,197963
1346,VT,KY,196774
1347,MN,NH,195670
1348,TX,ND,194715
1349,MO,RI,193442
1350,MO,NH,191628
1351,KY,VT,187069
1352,NV,AK,186933
1353,SD,MO,186477
1354,NH,MN,178319
1355,AK,NV,177503
1356,MO,SD,177260
1357,MI,HI,177147
1358,MS,VA,175645
1359,NH,MO,173963
1360,VA,MS,173924
1361,MT,GA,172466
1362,GA,MT,171477
1363,VI,VA,167396
1364,OR,MD,166026
1365,WY,GA,163779
1366,WA,NE,163094
1367,OH,PR,161818
1368,SD,GA,161261
1369,GA,WY,159846
1370,GA,SD,159205
1371,PR,OH,157261
1372,NE,WA,154268
1373,MD,OR,152975
1374,PR,MN,149053
1375,MN,PR,143925
1376,CA,KS,140526
1377,KS,CA,137332
1378,WY,CA,135921
1379,ME,OH,134983
1380,WV,OH,133698
1381,OH,ME,133616
1382,CA,WY,133489
1383,OH,WV,131804
1384,WV,SC,130471
1385,NE,NY,128649
1386,MO,SC,128468
1387,CA,AL,128166
1388,NV,WY,127632
1389,WY,NV,127071
1390,NH,TX,126481
1391,NY,IA,125197
1392,SC,WV,124388
1393,WI,LA,124284
1394,LA,WI,123680
1395,MA,RI,122388
1396,AK,NJ,122160
1397,IA,NY,122151
1398,SC,MO,121669
1399,RI,MA,120310
1400,AL,CA,120300
1401,IN,LA,119581
1402,AL,MN,117661
1403,KS,KY,116515
1404,NY,NE,116321
1405,LA,IN,115681
1406,NH,CO,115541
1407,CO,NH,113955
1408,IN,WA,112577
1409,RI,CO,112509
1410,CO,RI,112474
1411,WA,IN,112157
1412,MN,AL,111836
1413,IA,CA,111460
1414,IA,NJ,110116
1415,UT,AR,110013
1416,SD,KY,109883
1417,CA,IA,108860
1418,IL,VI,107306
1419,AR,UT,106902
1420,KY,KS,104476
1421,NJ,IA,104236
1422,NJ,AK,101813
1423,WA,OK,100350
1424,KY,SD,98749
1425,CT,IN,98411
1426,AK,MO,97375
1427,IN,CT,93668
1428,LA,OK,93274
1429,OK,WA,93144
1430,MO,AK,92953
1431,AR,VA,92169
1432,TX,NH,91703
1433,MT,TX,91080
1434,VA,AR,90723
1435,TX,MT,90509
1436,UT,IA,90133
1437,IA,UT,88256
1438,AZ,MS,86935
1439,ID,GA,86698
1440,NJ,NM,86671
1441,KY,AK,86171
1442,OK,LA,84758
1443,NC,VT,84031
1444,VT,NC,83747
1445,GA,ID,83580
1446,VT,MD,82262
1447,MD,VT,80982
1448,DE,FL,80417
1449,VI,IL,80028
1450,FL,DE,79907
1451,LA,NM,79822
1452,NM,LA,79569
1453,MS,OH,79163
1454,OK,OH,78777
1455,NM,NJ,78739
1456,AK,KY,77052
1457,PR,TN,75255
1458,OH,MS,74798
1459,TN,PR,74261
1460,OK,NM,73502
1461,OH,OK,71594
1462,NH,MA,71169
1463,MD,NE,70833
1464,TN,NM,70766
1465,MS,AZ,70149
1466,NM,TN,68536
1467,CA,SD,68203
1468,SC,IN,67767
1469,MA,NH,67605
1470,CA,ND,67177
1471,ND,CA,66632
1472,SD,CA,66350
1473,NM,OK,65241
1474,IN,SC,64175
1475,SC,WA,62615
1476,WA,SC,62152
1477,RI,LA,60240
1478,MS,SC,56099
1479,NE,OR,55913
1480,OR,TN,55742
1481,SC,MS,55677
1482,OH,AL,54844
1483,OH,OR,53658
1484,NY,WV,53619
1485,OR,NE,53361
1486,OR,OH,52716
1487,NE,OH,52602
1488,MI,KS,52256
1489,MI,SD,52189
1490,ME,MN,52110
1491,MN,ME,50722
1492,WV,NY,50700
1493,AL,OH,49880
1494,SD,MI,48890
1495,NE,MD,48163
1496,OK,NY,47859
1497,MT,ID,47840
1498,SD,SD,47686
1499,SC,CO,47583
1500,IN,IN,46799
1501,KS,MI,46733
1502,MS,CA,46720
1503,ID,MT,45608
1504,OH,NE,44870
1505,FL,HI,43201
1506,TN,OR,42224
1507,CO,MS,42091
1508,MS,NV,41976
1509,PA,NM,41970
1510,CO,SC,41811
1511,CA,MS,41748
1512,TT,TX,41699
1513,VA,AK,40820
1514,TX,TT,40555
1515,UT,CT,40531
1516,MS,CO,40442
1517,FL,KS,39612
1518,MS,IN,39604
1519,MI,NM,39527
1520,PA,AR,39392
1521,CT,UT,39259
1522,NM,PA,39121
1523,NJ,MT,38598
1524,LA,AR,38396
1525,KS,FL,37928
1526,IN,MS,37634
1527,MT,NJ,37464
1528,CO,DE,37278
1529,DE,CO,37213
1530,MS,MS,37045
1531,AR,PA,36799
1532,NV,MS,36546
1533,PA,NE,36493
1534,MS,MO,36186
1535,HI,NC,36068
1536,MN,SC,35826
1537,NC,NM,35686
1538,NE,PA,35319
1539,CT,SC,35029
1540,LA,RI,34670
1541,NC,HI,34490
1542,AR,LA,34434
1543,SC,CT,33804
1544,AK,VA,33734
1545,NJ,WY,33600
1546,OK,PA,33346
1547,KS,WA,33132
1548,LA,LA,33014
1549,MI,MT,32578
1550,MO,MS,31916
1551,LA,CT,31752
1552,MT,MI,31633
1553,KS,UT,30957
1554,CT,LA,30859
1555,AR,OH,30267
1556,KY,PR,30019
1557,UT,KS,29807
1558,DE,GA,29637
1559,GA,DE,29472
1560,MD,MD,29329
1561,OK,IN,29132
1562,WY,NJ,29086
1563,PA,AK,28936
1564,MO,ID,28922
1565,SC,MN,28795
1566,NM,NC,28660
1567,SC,CA,28627
1568,NV,SC,28251
1569,PA,OK,27909
1570,AK,PA,27803
1571,IL,DE,27279
1572,DE,IL,27098
1573,PA,MS,27093
1574,MD,VI,27082
1575,WI,MS,27015
1576,NY,OK,26885
1577,MS,PA,26720
1578,PR,KY,25841
1579,NE,IN,25834
1580,CA,SC,25787
1581,OH,AR,25744
1582,MN,VI,25694
1583,MS,WI,25409
1584,WA,KS,25328
1585,VI,TX,24948
1586,OR,LA,24726
1587,WY,WY,24695
1588,PA,IA,24684
1589,SC,NV,24058
1590,AR,AR,23765
1591,IN,RI,23756
1592,MA,NM,23721
1593,NM,MA,23619
1594,OK,OK,23159
1595,TX,VI,23091
1596,NM,MI,22388
1597,OH,NM,22353
1598,WI,OR,22031
1599,AZ,SC,21936
1600,AK,MA,21769
1601,MN,MS,21724
1602,IA,PA,21528
1603,IA,OH,21479
1604,OH,IA,21470
1605,RI,IN,21081
1606,NH,LA,21074
1607,OR,WI,21064
1608,NM,OH,20980
1609,MS,MN,20898
1610,NH,AL,20894
1611,AZ,WY,20198
1612,IN,NE,20119
1613,NM,ID,20058
1614,OR,OK,19518
1615,MS,LA,19177
1616,AL,MS,19137
1617,MA,HI,19083
1618,PR,IN,18950
1619,PR,CO,18866
1620,FL,AK,18764
1621,SC,LA,18718
1622,MS,AL,18706
1623,NE,NE,18237
1624,IN,PR,18198
1625,NY,WY,18167
1626,ME,NH,18141
1627,LA,MS,18113
1628,MA,AK,17932
1629,ID,MO,17913
1630,OK,OR,17762
1631,ND,ND,17265
1632,RI,WA,17234
1633,CO,PR,17213
1634,NY,MS,17144
1635,SC,AZ,16940
1636,LA,OR,16907
1637,LA,SC,16760
1638,WY,AZ,16553
1639,CT,WA,16551
1640,NH,ME,16478
1641,AR,NM,16319
1642,UT,AL,16247
1643,IN,IA,16219
1644,NM,AR,16206
1645,CA,TT,16107
1646,OR,IN,15883
1647,AL,UT,15834
1648,IN,HI,15726
1649,MS,OK,15670
1650,NH,SC,15553
1651,TT,IL,15411
1652,MS,AR,14938
1653,KY,MT,14623
1654,SC,NH,14450
1655,CT,OR,14436
1656,CT,MA,14303
1657,IN,NM,14233
1658,IA,IN,14159
1659,VI,CT,14142
1660,WA,CT,14123
1661,OK,MS,14004
1662,MO,ME,13985
1663,MT,NY,13937
1664,SC,SC,13906
1665,VI,MN,13877
1666,WV,MD,13758
1667,TX,ME,13716
1668,ND,GA,13704
1669,IA,IA,13684
1670,MA,CT,13630
1671,AL,RI,13598
1672,ID,FL,13488
1673,MD,ID,13451
1674,AR,MS,13433
1675,MD,WV,13354
1676,MT,KY,13269
1677,NJ,MS,13061
1678,MS,NY,12964
1679,VT,MN,12955
1680,WA,RI,12821
1681,IN,NH,12609
1682,WV,NJ,12597
1683,IN,OR,12534
1684,ME,MO,12404
1685,ME,TX,12394
1686,GA,ND,12342
1687,NH,IN,12168
1688,CT,AL,12066
1689,MS,NJ,12060
1690,WY,NY,11937
1691,IN,AR,11602
1692,DE,NC,11594
1693,NY,MT,11529
1694,MN,VT,11310
1695,NC,DE,11232
1696,VI,MD,11207
1697,AL,NM,11140
1698,NM,NH,11054
1699,NH,WA,11018
1700,ID,NM,10931
1701,HI,ID,10900
1702,ND,MI,10883
1703,FL,ID,10825
1704,ID,HI,10789
1705,PA,KS,10727
1706,PR,NV,10420
1707,VA,MT,10418
1708,CT,NM,10415
1709,LA,NH,10381
1710,HI,IN,10319
1711,OK,KS,10164
1712,NJ,WV,10155
1713,IN,OK,10152
1714,AR,AL,10129
1715,NE,NM,9951
1716,UT,NH,9903
1717,OK,AL,9857
1718,ND,MO,9780
1719,WA,NH,9759
1720,MA,NE,9690
1721,NC,KS,9625
1722,MO,ND,9622
1723,AL,OK,9581
1724,WA,AL,9447
1725,KS,OK,9437
1726,OK,ID,9368
1727,KY,WY,9343
1728,SC,RI,9342
1729,MA,OK,9282
1730,NM,IN,9259
1731,PR,WA,9117
1732,PR,RI,8963
1733,NE,MA,8873
1734,MT,VA,8838
1735,VA,WY,8835
1736,AL,MA,8824
1737,MD,IA,8792
1738,AL,AR,8779
1739,OK,MA,8764
1740,AZ,PR,8715
1741,DE,MI,8642
1742,AL,NE,8632
1743,RI,NM,8632
1744,AL,NH,8587
1745,MI,DE,8571
1746,NH,NM,8551
1747,RI,PR,8499
1748,NM,CT,8475
1749,HI,TN,8408
1750,MI,VI,8379
1751,NV,PR,8362
1752,IN,AL,8271
1753,RI,SC,8265
1754,PR,AZ,8150
1755,AL,AL,8119
1756,OH,KS,8092
1757,LA,NE,8037
1758,MT,TN,7998
1759,WY,KY,7945
1760,NE,AL,7804
1761,AK,FL,7788
1762,NM,RI,7778
1763,TN,AK,7655
1764,LA,ID,7605
1765,OK,WI,7596
1766,RI,NE,7587
1767,VA,KS,7560
1768,ND,VA,7532
1769,OR,AR,7512
1770,NE,LA,7502
1771,AL,IN,7473
1772,ID,VA,7391
1773,OR,CT,7361
1774,VA,ID,7342
1775,HI,OH,7323
1776,MI,ND,7317
1777,VA,SD,7294
1778,PR,WI,7263
1779,NY,KS,7231
1780,DE,TX,7201
1781,NY,AK,7199
1782,IA,MD,7152
1783,MD,KS,7135
1784,ID,OH,7039
1785,LA,IA,6997
1786,WY,MT,6982
1787,IA,OK,6973
1788,RI,AL,6929
1789,UT,RI,6908
1790,LA,ND,6876
1791,TX,DE,6875
1792,LA,PR,6862
1793,NE,CT,6831
1794,SD,VA,6826
1795,CT,NE,6825
1796,WI,OK,6809
1797,OK,IA,6805
1798,NH,UT,6769
1799,NM,AL,6758
1800,NM,NE,6677
1801,TN,MT,6672
1802,OK,WV,6628
1803,MS,KS,6578
1804,SC,AR,6532
1805,WY,VA,6483
1806,ND,MT,6476
1807,SC,AL,6409
1808,TN,ID,6391
1809,AK,NY,6383
1810,WY,ID,6371
1811,LA,KS,6288
1812,MT,ND,6283
1813,AL,SC,6265
1814,MT,WY,6218
1815,ID,MD,6210
1816,ME,IN,6188
1817,KS,MS,6150
1818,SD,NE,6069
1819,MO,MT,6060
1820,FL,MT,6055
1821,OH,ID,6047
1822,NM,WI,5998
1823,AL,WA,5997
1824,SC,WI,5973
1825,ID,TN,5971
1826,VA,ND,5969
1827,VI,MI,5935
1828,ID,WY,5932
1829,ID,LA,5928
1830,WA,WY,5921
1831,PA,MT,5913
1832,NE,SD,5870
1833,KS,VA,5864
1834,KS,NC,5806
1835,TN,SD,5759
1836,HI,FL,5682
1837,WA,IA,5633
1838,AL,CT,5545
1839,WA,AR,5515
1840,PR,LA,5508
1841,ID,OK,5501
1842,TN,ND,5493
1843,AR,SC,5454
1844,WI,AL,5391
1845,MA,AL,5349
1846,IA,KS,5340
1847,KS,PA,5199
1848,OK,AR,5194
1849,WI,SC,5167
1850,WY,WA,5117
1851,ID,MI,5091
1852,IN,ID,5016
1853,WV,OK,5012
1854,KS,LA,4943
1855,ME,TN,4935
1856,MS,MA,4906
1857,NH,OR,4873
1858,RI,MS,4873
1859,ND,TN,4805
1860,MS,RI,4798
1861,SD,TN,4783
1862,WI,PR,4754
1863,ID,NE,4751
1864,OR,IA,4736
1865,SC,OK,4728
1866,MD,AK,4666
1867,KS,IA,4660
1868,MS,IA,4598
1869,MT,MO,4597
1870,AR,NH,4589
1871,NJ,KS,4578
1872,NY,ID,4563
1873,IN,ME,4561
1874,OR,NH,4538
1875,WI,NM,4530
1876,RI,UT,4500
1877,SD,IN,4451
1878,IN,KS,4432
1879,WY,MA,4420
1880,NE,MS,4400
1881,AK,TN,4392
1882,IA,NE,4387
1883,WI,RI,4363
1884,NC,ID,4351
1885,SD,OK,4348
1886,OK,NH,4334
1887,OR,RI,4325
1888,AR,IN,4308
1889,RI,OR,4281
1890,ND,OH,4277
1891,OK,NE,4238
1892,NE,OK,4198
1893,MS,WV,4158
1894,PA,ID,4139
1895,ID,NJ,4081
1896,LA,ME,4078
1897,SD,WI,4064
1898,MA,MS,4061
1899,IN,SD,4060
1900,FL,WY,4053
1901,NE,ID,4041
1902,OK,SC,4014
1903,WV,TN,4008
1904,MT,PA,3979
1905,ID,PA,3979
1906,TN,WV,3966
1907,NH,MS,3915
1908,OH,SD,3888
1909,PA,ND,3888
1910,WV,MS,3841
1911,AL,WI,3834
1912,OK,CT,3830
1913,KS,NY,3829
1914,NH,WI,3820
1915,OH,ND,3807
1916,TN,ME,3804
1917,MS,NE,3796
1918,IA,MS,3756
1919,MT,FL,3755
1920,KS,OH,3746
1921,KS,OR,3725
1922,RI,WI,3718
1923,ME,CA,3710
1924,KS,MD,3698
1925,AL,KS,3694
1926,HI,MD,3688
1927,ME,LA,3677
1928,ID,NY,3662
1929,SC,KS,3637
1930,IA,WA,3627
1931,WI,ND,3607
1932,MT,NC,3558
1933,ID,NC,3512
1934,ND,IN,3498
1935,RI,VI,3493
1936,ND,IA,3492
1937,ND,WI,3483
1938,SC,NE,3479
1939,NJ,NJ,3393
1940,CO,ME,3378
1941,MI,ID,3377
1942,SD,OH,3362
1943,AR,WA,3353
1944,NC,MT,3349
1945,IN,MT,3323
1946,NE,SC,3318
1947,KS,NJ,3299
1948,ME,SC,3267
1949,WI,NH,3238
1950,VT,TX,3232
1951,ND,PA,3219
1952,MT,NM,3213
1953,HI,MA,3183
1954,AR,OR,3178
1955,CT,VI,3173
1956,VI,CA,3164
1957,WV,MO,3129
1958,OR,AL,3125
1959,ID,MA,3096
1960,IA,OR,3096
1961,NM,MT,3090
1962,IA,ND,3088
1963,PR,SC,3085
1964,ID,IN,3078
1965,NH,OK,3075
1966,OH,HI,3060
1967,MT,MA,3058
1968,WI,KS,3057
1969,MT,IN,3056
1970,WV,AL,3022
1971,IN,ND,3021
1972,IL,TT,3021
1973,CA,ME,2994
1974,IA,MA,2985
1975,IA,LA,2961
1976,OR,KS,2955
1977,AR,MA,2954
1978,WA,ND,2932
1979,AL,WV,2915
1980,ND,WY,2913
1981,WI,SD,2905
1982,NJ,ID,2902
1983,KS,WV,2900
1984,SC,ME,2897
1985,PA,SD,2869
1986,WV,WV,2862
1987,PA,WY,2848
1988,SD,WA,2841
1989,SC,NM,2805
1990,VI,MO,2789
1991,RI,OK,2781
1992,CT,OK,2778
1993,ME,CO,2741
1994,NE,RI,2696
1995,WV,KS,2678
1996,MA,AR,2677
1997,IA,SD,2674
1998,AK,LA,2648
1999,AZ,ME,2639
2000,ND,SD,2608
2001,WI,ID,2606
2002,LA,MT,2599
2003,WI,HI,2579
2004,OK,RI,2526
2005,ID,WI,2495
2006,AL,OR,2481
2007,MT,SD,2471
2008,NE,IA,2467
2009,ND,LA,2460
2010,MT,WI,2458
2011,WV,IN,2454
2012,WA,SD,2449
2013,KS,AL,2447
2014,VT,TN,2422
2015,ME,WI,2399
2016,AK,WI,2361
2017,LA,HI,2358
2018,ID,KY,2340
2019,WY,NM,2338
2020,MS,NH,2338
2021,ME,CT,2333
2022,KS,IN,2333
2023,NY,ND,2317
2024,ND,NY,2316
2025,AK,NC,2312
2026,OK,MT,2309
2027,NM,WY,2308
2028,HI,LA,2296
2029,OH,MT,2252
2030,ND,OK,2227
2031,LA,SD,2213
2032,NC,SD,2203
2033,UT,SC,2200
2034,SD,PA,2198
2035,SD,MT,2189
2036,CT,AR,2172
2037,NY,SD,2166
2038,ME,AZ,2166
2039,MA,MT,2159
2040,WV,LA,2156
2041,LA,WV,2153
2042,IN,WV,2124
2043,AR,OK,2123
2044,AK,ID,2121
2045,MA,WY,2106
2046,ME,AL,2097
2047,MT,LA,2093
2048,KS,KS,2057
2049,IN,VI,2056
2050,ND,WA,2056
2051,MD,HI,2041
2052,WI,MT,2041
2053,IA,SC,2041
2054,CT,ME,2038
2055,MT,MD,2035
2056,WI,ME,2030
2057,WI,AK,2011
2058,VI,RI,2002
2059,AR,CT,1998
2060,NM,KS,1985
2061,VT,LA,1980
2062,WI,AR,1949
2063,SD,MD,1944
2064,AR,WI,1941
2065,MT,NE,1915
2066,ME,OK,1871
2067,ME,ME,1870
2068,CT,MS,1869
2069,MI,WY,1859
2070,SD,NC,1858
2071,MA,IA,1852
2072,CT,ID,1849
2073,CT,MT,1829
2074,ID,AR,1787
2075,MT,OH,1786
2076,WY,FL,1783
2077,IA,NH,1778
2078,IA,MT,1763
2079,CT,IA,1758
2080,SD,IA,1753
2081,VT,CA,1752
2082,NE,KS,1749
2083,SD,NJ,1733
2084,IA,CT,1715
2085,AL,ID,1704
2086,SD,LA,1695
2087,NH,NE,1689
2088,VT,IN,1663
2089,MT,CT,1662
2090,ID,IA,1656
2091,WY,ND,1651
2092,ND,NJ,1648
2093,MT,IA,1648
2094,MS,CT,1648
2095,AK,MD,1645
2096,MS,NM,1625
2097,MS,PR,1609
2098,TX,VT,1593
2099,NE,NH,1584
2100,WV,IA,1580
2101,HI,WI,1577
2102,OK,ND,1570
2103,NE,MT,1568
2104,VI,IN,1564
2105,MD,SD,1561
2106,IN,VT,1536
2107,KY,ID,1532
2108,WA,PR,1506
2109,MS,ME,1501
2110,WV,CT,1499
2111,IA,WV,1493
2112,MA,KS,1479
2113,WY,SD,1469
2114,NM,IA,1466
2115,ID,AK,1448
2116,MT,OK,1444
2117,VI,CO,1425
2118,ND,KY,1425
2119,MA,ID,1420
2120,SC,DE,1419
2121,NE,ND,1405
2122,VT,MO,1405
2123,MS,WA,1391
2124,KS,NM,1387
2125,OH,WY,1382
2126,NM,SC,1380
2127,CT,WV,1378
2128,DE,SC,1375
2129,IA,NM,1370
2130,NM,MS,1353
2131,AR,MT,1352
2132,OR,SD,1352
2133,SD,OR,1351
2134,NJ,SD,1342
2135,AL,ME,1340
2136,OK,SD,1336
2137,KS,WI,1334
2138,OR,MS,1328
2139,SD,NY,1311
2140,CO,VT,1307
2141,SC,PR,1304
2142,AR,NE,1300
2143,WY,PA,1294
2144,OK,WY,1294
2145,MT,AR,1287
2146,CA,VT,1267
2147,ME,WA,1258
2148,OK,PR,1258
2149,ND,NE,1239
2150,NH,PR,1236
2151,IA,ID,1216
2152,IA,AL,1215
2153,ID,AL,1213
2154,OH,AK,1208
2155,OR,SC,1182
2156,ME,KS,1179
2157,OK,HI,1160
2158,IN,AK,1155
2159,TN,DE,1154
2160,PA,HI,1150
2161,DE,TN,1146
2162,ND,NC,1143
2163,LA,WY,1143
2164,NE,AR,1143
2165,ID,ND,1142
2166,SC,UT,1139
2167,AK,IN,1138
2168,AR,ID,1127
2169,WI,WV,1124
2170,WY,MO,1124
2171,DE,ME,1115
2172,OK,ME,1113
2173,ME,DE,1112
2174,SC,IA,1108
2175,NE,HI,1105
2176,AL,IA,1103
2177,WY,OH,1097
2178,MD,MT,1096
2179,NJ,ND,1095
2180,OR,ND,1079
2181,KY,ND,1075
2182,WV,MA,1073
2183,UT,MS,1072
2184,ND,SC,1066
2185,AK,MT,1064
2186,MO,WV,1057
2187,NE,WY,1056
2188,NH,NH,1042
2189,SD,WY,1032
2190,MO,VT,1028
2191,TN,WY,1026
2192,HI,AL,1011
2193,ID,MS,1008
2194,ME,MS,1004
2195,SC,VT,997
2196,SD,ND,992
2197,PR,UT,986
2198,NH,IA,976
2199,VT,SC,961
2200,ND,MD,961
2201,WI,WY,959
2202,VT,CO,954
2203,WY,NE,952
2204,MD,ND,951
2205,AL,HI,951
2206,KS,SC,950
2207,MA,WV,948
2208,TN,VT,938
2209,PR,NH,937
2210,SC,OR,931
2211,ID,SD,910
2212,WV,WI,906
2213,IN,WY,900
2214,WA,ME,892
2215,SD,ID,892
2216,ND,ID,890
2217,VT,WI,887
2218,AR,RI,870
2219,LA,VI,866
2220,NC,AK,862
2221,IA,WY,857
2222,WY,OK,855
2223,MO,VI,852
2224,RI,WV,846
2225,WI,VT,844
2226,KS,NE,842
2227,HI,PA,837
2228,SC,ND,834
2229,ID,CT,828
2230,ND,OR,818
2231,KS,AR,818
2232,MT,NH,811
2233,SD,MA,810
2234,ME,IA,803
2235,PR,OK,801
2236,NH,AR,800
2237,ME,NV,792
2238,ND,AL,791
2239,NV,ME,791
2240,MS,ND,786
2241,SD,NM,785
2242,LA,AK,782
2243,AL,ND,773
2244,RI,CT,768
2245,MS,ID,766
2246,KS,MA,742
2247,OH,VI,740
2248,LA,VT,740
2249,CT,KS,738
2250,MS,OR,737
2251,AK,NM,732
2252,CT,RI,730
2253,WY,MI,725
2254,AK,ND,724
2255,ID,RI,715
2256,TN,HI,711
2257,PR,IA,704
2258,MS,UT,695
2259,WV,NM,686
2260,HI,NE,682
2261,ND,MA,679
2262,NH,ID,675
2263,PR,AL,674
2264,WY,TN,664
2265,NH,RI,661
2266,MA,ND,647
2267,NM,WV,645
2268,ID,KS,637
2269,AR,ME,634
2270,MT,AK,633
2271,TT,CA,632
2272,WV,MN,632
2273,MO,WY,630
2274,MT,KS,628
2275,DE,PR,628
2276,OR,WY,626
2277,RI,AR,626
2278,SC,VI,616
2279,MD,WY,616
2280,KS,MT,609
2281,NC,ND,607
2282,NH,SD,595
2283,VT,ME,583
2284,KS,ME,579
2285,NH,KS,578
2286,SD,AR,577
2287,NM,SD,573
2288,PR,NE,560
2289,IA,ME,560
2290,OR,PR,556
2291,ND,CT,551
2292,ME,RI,550
2293,AL,PR,547
2294,KS,WY,537
2295,RI,ID,536
2296,ME,UT,526
2297,NH,DE,525
2298,PR,ME,517
2299,RI,KS,517
2300,WV,RI,508
2301,PR,DE,501
2302,ME,NE,501
2303,VI,SC,499
2304,NV,WV,494
2305,RI,ME,490
2306,ID,SC,489
2307,VT,OR,480
2308,WY,OR,477
2309,NH,VT,476
2310,VT,AR,469
2311,KS,NH,463
2312,ME,ND,461
2313,NH,MT,461
2314,MT,SC,459
2315,NH,CT,459
2316,ND,AK,459
2317,UT,VT,457
2318,DE,NH,455
2319,ND,KS,453
2320,AR,SD,448
2321,IA,PR,444
2322,AK,OH,443
2323,VI,TN,440
2324,ND,MS,434
2325,DE,LA,430
2326,WY,IA,430
2327,KS,CT,429
2328,VI,OH,424
2329,WY,KS,423
2330,VT,UT,421
2331,DE,VA,417
2332,WY,LA,415
2333,WA,MS,414
2334,VT,NE,413
2335,VT,IA,408
2336,CT,WY,404
2337,HI,OK,399
2338,RI,MT,398
2339,ME,AR,394
2340,VT,CT,394
2341,AK,SD,392
2342,VA,DE,391
2343,WY,MD,391
2344,AZ,WV,390
2345,VT,NH,388
2346,KS,ND,386
2347,AL,MT,378
2348,RI,NH,369
2349,ID,NH,368
2350,AR,KS,367
2351,AR,IA,367
2352,ND,NH,367
2353,TN,VI,363
2354,MT,AL,361
2355,WI,DE,358
2356,SD,KS,352
2357,KS,ID,352
2358,ID,ME,350
2359,SC,WY,349
2360,WY,NC,346
2361,PR,NM,342
2362,AL,VI,341
2363,IA,AR,333
2364,LA,DE,325
2365,CT,NH,323
2366,NE,AK,321
2367,NE,PR,316
2368,DE,WI,315
2369,ME,NM,315
2370,SD,CT,311
2371,NM,AK,307
2372,ND,PR,307
2373,AL,VT,300
2374,WV,ME,299
2375,SC,MT,296
2376,ND,ME,291
2377,CT,ND,288
2378,AR,WV,286
2379,VT,MS,279
2380,CT,VT,279
2381,PR,MS,277
2382,CT,HI,277
2383,HI,NM,276
2384,NC,WY,274
2385,VI,LA,268
2386,NE,ME,267
2387,ND,NM,261
2388,SC,ID,259
2389,MT,ME,250
2390,MO,DE,249
2391,ME,MT,248
2392,VT,WA,248
2393,ME,WV,247
2394,WV,AZ,247
2395,KS,RI,243
2396,MN,WV,242
2397,NE,VT,239
2398,SD,NH,232
2399,ME,PR,231
2400,DE,MO,231
2401,NH,ND,229
2402,AL,DE,228
2403,AR,ND,226
2404,DE,AL,225
2405,PR,HI,223
2406,MA,SD,221
2407,PR,OR,216
2408,MT,RI,214
2409,VI,NV,214
2410,UT,ME,214
2411,ND,AR,211
2412,MS,WY,206
2413,VI,AZ,205
2414,MA,DE,204
2415,NE,VI,202
2416,AZ,VI,197
2417,WY,WI,195
2418,KS,HI,195
2419,VT,AL,195
2420,KS,SD,193
2421,IA,VT,191
2422,NM,ND,190
2423,OK,AK,189
2424,WV,NE,189
2425,CT,SD,183
2426,WY,IN,182
2427,WV,CA,181
2428,IA,RI,179
2429,VT,VT,179
2430,TT,AZ,177
2431,DE,PA,177
2432,DE,OH,174
2433,NM,PR,172
2434,HI,KS,172
2435,CA,WV,170
2436,WY,SC,170
2437,SD,MS,168
2438,HI,MS,167
2439,MS,SD,167
2440,WY,CT,166
2441,DE,MA,165
2442,ME,HI,165
2443,PR,AK,163
2444,DE,IN,162
2445,AZ,VT,159
2446,AK,NE,157
2447,VT,NV,152
2448,SD,DE,151
2449,DE,SD,150
2450,RI,IA,145
2451,ME,VT,140
2452,AR,WY,137
2453,IA,DE,137
2454,DE,IA,137
2455,SC,SD,137
2456,NY,TT,136
2457,VT,WV,136
2458,NY,DE,133
2459,NM,VT,132
2460,UT,PR,129
2461,DE,KY,128
2462,SD,SC,127
2463,PA,DE,127
2464,WY,WV,124
2465,KY,DE,123
2466,WV,WY,123
2467,VA,TT,120
2468,HI,ME,120
2469,ID,WV,118
2470,MS,VT,116
2471,WY,MS,113
2472,VT,KS,110
2473,AR,VI,109
2474,WV,NV,107
2475,ND,DE,106
2476,VI,WA,106
2477,VI,AL,106
2478,DE,ND,105
2479,SD,RI,105
2480,NV,VI,102
2481,VT,RI,101
2482,VT,MT,101
2483,WA,VI,100
2484,DE,NY,98
2485,MD,DE,98
2486,ME,SD,97
2487,MS,DE,96
2488,PR,VT,96
2489,DE,MS,95
2490,NV,DE,93
2491,SD,AK,91
2492,PR,SD,90
2493,VT,PR,90
2494,KS,DE,89
2495,NE,WV,88
2496,WV,ND,86
2497,WV,SD,84
2498,DE,OR,80
2499,OR,DE,79
2500,VI,WI,76
2501,NM,ME,75
2502,RI,ND,75
2503,VT,WY,75
2504,RI,AK,75
2505,AR,DE,73
2506,DE,AR,72
2507,VI,ME,72
2508,WA,VT,71
2509,ME,ID,68
2510,WV,VT,67
2511,VT,OK,67
2512,WY,RI,66
2513,AR,VT,63
2514,OR,TT,62
2515,AK,PR,59
2516,WV,PR,58
2517,ME,OR,57
2518,PR,WV,57
2519,SD,AL,57
2520,WY,PR,57
2521,VT,ND,56
2522,ND,RI,54
2523,ND,VT,52
2524,IA,HI,50
2525,VI,NM,49
2526,CT,CT,49
2527,VI,OR,49
2528,KS,PR,47
2529,PR,KS,47
2530,NM,HI,47
2531,WV,NH,46
2532,WV,OR,45
2533,OR,VT,45
2534,CA,DE,43
2535,NJ,DE,42
2536,AK,SC,41
2537,OH,DE,41
2538,NH,WV,39
2539,DE,MT,38
2540,WY,AR,37
2541,RI,WY,36
2542,CO,VI,36
2543,IN,DE,35
2544,OK,VT,35
2545,OR,WV,35
2546,AL,SD,33
2547,VT,NM,31
2548,IA,AK,30
2549,TT,MA,30
2550,TT,OH,29
2551,VT,AZ,28
2552,DE,MD,27
2553,DE,NJ,24
2554,HI,ND,23
2555,MT,HI,23
2556,AR,PR,23
2557,ID,VT,23
2558,HI,MT,23
2559,WV,AR,22
2560,HI,PR,21
2561,SD,WV,21
2562,RI,SD,18
2563,AK,MS,18
2564,KS,VT,18
2565,WY,ME,18
2566,SD,HI,17
2567,PR,WY,16
2568,DE,DE,16
2569,AK,AL,16
2570,VT,DE,16
2571,DE,VT,16
2572,CT,DE,15
2573,PR,ID,15
2574,DE,CA,14
2575,DE,CT,13
2576,WY,NH,13
2577,CA,VI,12
2578,RI,VT,11
2579,TT,NY,11
2580,AK,RI,10
2581,NJ,TT,10
2582,VT,SD,10
2583,AK,AR,10
2584,AK,IA,10
2585,HI,CT,9
2586,NH,VI,9
2587,WY,HI,9
2588,WY,AL,8
2589,HI,NH,8
2590,VI,NE,7
2591,RI,DE,6
2592,DE,RI,6
2593,SD,ME,6
2594,RI,HI,5
2595,OR,ME,5
2596,HI,SD,5
2597,AK,OK,5
2598,AR,AK,4
2599,OK,VI,3
2600,VI,NH,3
2601,KY,VI,3
2602,ND,WV,2
2603,AK,KS,2
2604,MT,MS,2
2605,WV,DE,2
2606,VT,HI,2
2607,AL,AK,2
2608,SD,VT,1
2609,PR,MT,1
2610,HI,AR,0
2611,VI,KS,0
2612,MO,TT,0
2613,MN,DE,0
2614,UT,DE,0
2615,VI,KY,0
2616,NV,TT,0
2617,FL,TT,0
2618,KS,AK,0
2619,AR,HI,0
2620,DE,WA,0
2621,HI,DE,0
2622,NM,VI,0
2623,UT,TT,0
2624,DE,WV,0
2625,HI,SC,0
2626,KS,VI,0
2627,AL,WY,0
2628,HI,IA,0
2629,OH,TT,0
2630,ND,HI,0
2631,MS,HI,0
2632,MS,MT,0
2633,TT,FL,0
2634,DE,ID,0
2635,TT,AK,0
2636,AK,CT,0
2637,GA,TT,0
2638,DE,AK,0
2639,CT,TT,0
2640,AK,DE,0
2641,NH,HI,0
2642,PA,TT,0
2643,PR,AR,0
2644,ID,TT,0
2645,MD,TT,0
2646,KY,TT,0
2647,WA,TT,0
2648,ME,AK,0
2649,SC,AK,0
2650,CT,AK,0
2651,SC,HI,0
2652,TT,ID,0
2653,DE,KS,0
2654,TT,LA,0
2655,TT,VA,0
2656,WV,WA,0
2657,MS,TT,0
2658,AZ,DE,0
2659,OK,DE,0
2660,DE,OK,0
2661,AZ,TT,0
2662,TT,WA,0
2663,NM,DE,0
2664,DE,NM,0
2665,WV,CO,0
2666,AK,WY,0
2667,AK,WV,0
2668,WA,WV,0
2669,WA,DE,0
2670,TT,NJ,0
2671,TT,ND,0
2672,TT,MD,0
2673,AK,TT,0
2674,DE,NE,0
